Công ty,Tên tài sản,Mã tài sản,Danh mục,Nhà cung cấp,Nhà sản xuất,Vị trí,Số đơn hàng,Kiểu máy,Ghi chú kiểu máy,Mã kiểu máy,Ghi chú tài sản,Ngày mua,Giá mua,Loại cấp phát,Tên đăng nhập nhận,Tên người nhận,Họ người nhận,Email người nhận,Vị trí cấp phát,Ngày hết hạn sử dụng
Bệnh viện đa khoa Bắc Kạn,Máy tính để bàn Dell OptiPlex 7090 MT,BV-PC-001,Máy tính để bàn,Công ty Cổ phần Tin học FPT,Dell Technologies,Phòng Công nghệ thông tin,DH-2023-001,Dell OptiPlex 7090 MT,Core i5-11500 / 16GB RAM / 512GB SSD,OPT-7090-MT,Máy tính làm việc quản trị hệ thống,2023-01-15,18500000,User,user001,An,Nguyễn Văn,user001@bvdakhoabackan.vn,,2028-01-15
Bệnh viện đa khoa Bắc Kạn,Máy tính để bàn Dell OptiPlex 7090 MT,BV-PC-002,Máy tính để bàn,Công ty Cổ phần Tin học FPT,Dell Technologies,Khoa Cấp cứu,DH-2023-001,Dell OptiPlex 7090 MT,Core i5-11500 / 16GB RAM / 512GB SSD,OPT-7090-MT,Máy tính tiếp nhận bệnh nhân cấp cứu,2023-01-15,18500000,Location,,,,,Khoa Cấp cứu,2028-01-15
Bệnh viện đa khoa Bắc Kạn,Laptop HP ProBook 450 G9,BV-LT-001,Máy tính xách tay (Laptop),Công ty TNHH Máy tính Phong Vũ,HP Inc,Phòng Công nghệ thông tin,DH-2023-002,HP ProBook 450 G9,Core i7-1255U / 16GB RAM / 512GB SSD,HP-PB-450G9,Laptop kỹ thuật xử lý sự cố cơ động,2023-02-10,22500000,User,user002,Bình,Trần Thị,user002@bvdakhoabackan.vn,,2026-02-10
Bệnh viện đa khoa Bắc Kạn,Máy in Canon LBP2900,BV-PR-001,Máy in & Máy quét,Công ty TNHH Thiết bị Y tế & Tin học An Phát,Canon Inc,Khoa Khám bệnh,DH-2023-003,Máy in Canon LBP2900,Máy in laser đen trắng A4 cổng USB,CANON-LBP2900,Máy in đơn thuốc phòng khám số 1,2023-02-20,4250000,Location,,,,,Khoa Khám bệnh,2028-02-20
Bệnh viện đa khoa Bắc Kạn,Máy in Canon LBP2900,BV-PR-002,Máy in & Máy quét,Công ty TNHH Thiết bị Y tế & Tin học An Phát,Canon Inc,Khoa Cấp cứu,DH-2023-003,Máy in Canon LBP2900,Máy in laser đen trắng A4,CANON-LBP2900,Máy in phiếu chỉ định xét nghiệm cấp cứu,2023-02-20,4250000,Location,,,,,Khoa Cấp cứu,2028-02-20
Bệnh viện đa khoa Bắc Kạn,Máy chủ Dell PowerEdge R740,BV-SRV-001,Máy chủ & Lưu trữ,Công ty Cổ phần Công nghệ CMC,Dell Technologies,Trung tâm Dữ liệu Server,DH-2023-004,Máy chủ Dell PowerEdge R740,2x Intel Xeon Silver 4210R / 64GB RAM / 4x 1.2TB SAS 10K,PE-R740-2U,Máy chủ CSDL quản lý bệnh viện HIS chính,2023-03-05,115000000,Location,,,,,Trung tâm Dữ liệu Server,2028-03-05
Bệnh viện đa khoa Bắc Kạn,Máy chủ Dell PowerEdge R740,BV-SRV-002,Máy chủ & Lưu trữ,Công ty Cổ phần Công nghệ CMC,Dell Technologies,Trung tâm Dữ liệu Server,DH-2023-004,Máy chủ Dell PowerEdge R740,2x Intel Xeon Silver 4210R / 64GB RAM / 4x 1.2TB SAS 10K,PE-R740-2U,Máy chủ lưu trữ và truyền tải hình ảnh PACS,2023-03-05,115000000,Location,,,,,Trung tâm Dữ liệu Server,2028-03-05
Bệnh viện đa khoa Bắc Kạn,Switch Cisco Catalyst 2960L 24 Port,BV-SW-001,Thiết bị mạng & Viễn thông,Công ty Cổ phần Công nghệ Sao Bắc Đẩu,Cisco Systems,Trung tâm Dữ liệu Server,DH-2023-005,Switch Cisco Catalyst 2960L 24 Port,24 cổng 10/100/1000Mbps + 4 SFP Gigabit,WS-C2960L-24TS-LL,Switch mạng lõi Tòa nhà A,2023-03-15,19800000,Location,,,,,Trung tâm Dữ liệu Server,2028-03-15
Bệnh viện đa khoa Bắc Kạn,Switch Cisco Catalyst 2960L 24 Port,BV-SW-002,Thiết bị mạng & Viễn thông,Công ty Cổ phần Công nghệ Sao Bắc Đẩu,Cisco Systems,Khoa Khám bệnh,DH-2023-005,Switch Cisco Catalyst 2960L 24 Port,24 cổng Gigabit,WS-C2960L-24TS-LL,Switch tầng 1 Nhà B phục vụ khám bệnh,2023-03-15,19800000,Location,,,,,Khoa Khám bệnh,2028-03-15
Bệnh viện đa khoa Bắc Kạn,Màn hình Dell UltraSharp U2422H,BV-MN-001,Màn hình máy tính,Công ty Cổ phần Tin học FPT,Dell Technologies,Phòng Công nghệ thông tin,DH-2023-006,Màn hình Dell UltraSharp U2422H,23.8 inch IPS FHD viền mỏng,DELL-U2422H,Màn hình kỹ thuật viên CNTT,2023-04-01,6100000,User,user003,Châu,Lê Hoàng,user003@bvdakhoabackan.vn,,2026-04-01
Bệnh viện đa khoa Bắc Kạn,Màn hình Dell UltraSharp U2422H,BV-MN-002,Màn hình máy tính,Công ty Cổ phần Tin học FPT,Dell Technologies,Khoa Chẩn đoán hình ảnh,DH-2023-006,Màn hình Dell UltraSharp U2422H,23.8 inch độ chuẩn màu cao,DELL-U2422H,Màn hình đọc phim X-Quang,2023-04-01,6100000,User,user004,Dũng,Phạm Minh,user004@bvdakhoabackan.vn,,2026-04-01
Bệnh viện đa khoa Bắc Kạn,Bộ lưu điện APC Smart-UPS 1500VA LCD,BV-UPS-001,Bộ lưu điện (UPS),Công ty Cổ phần Viễn thông Tin học Bưu điện (CT-IN),Schneider Electric (APC),Trung tâm Dữ liệu Server,DH-2023-007,Bộ lưu điện APC Smart-UPS 1500VA LCD,1500VA / 1000W sóng sin chuẩn,SMT1500I,UPS lưu điện máy chủ HIS phòng Server,2023-04-10,16500000,Location,,,,,Trung tâm Dữ liệu Server,2026-04-10
Bệnh viện đa khoa Bắc Kạn,Laptop Lenovo ThinkPad T14 Gen 3,BV-LT-002,Máy tính xách tay (Laptop),Công ty TNHH Máy tính Phong Vũ,Lenovo Group,Khoa Hồi sức tích cực - Chống độc,DH-2023-008,Laptop Lenovo ThinkPad T14 Gen 3,Core i5-1240P / 16GB RAM / 512GB SSD siêu bền,TP-T14-G3,Laptop trực ban bác sĩ hồi sức,2023-05-02,26800000,User,user005,Đức,Hoàng Thu,user005@bvdakhoabackan.vn,,2026-05-02
Bệnh viện đa khoa Bắc Kạn,Máy in đa năng Brother MFC-L2701DW,BV-PR-003,Máy in & Máy quét,Công ty TNHH Thiết bị Y tế & Tin học An Phát,Brother Industries,Khoa Dược,DH-2023-009,Máy in đa năng Brother MFC-L2701DW,In 2 mặt tự động - Scan màu - Copy - Wifi,MFC-L2701DW,Máy in tổng hợp kho dược,2023-05-20,6850000,Location,,,,,Khoa Dược,2026-05-20
Bệnh viện đa khoa Bắc Kạn,Máy tính để bàn Dell OptiPlex 7090 MT,BV-PC-003,Máy tính để bàn,Công ty Cổ phần Tin học FPT,Dell Technologies,Khoa Xét nghiệm,DH-2023-010,Dell OptiPlex 7090 MT,Core i5-11500 / 16GB RAM / 512GB SSD,OPT-7090-MT,Máy tính kết nối máy sinh hóa tự động,2023-06-12,18500000,User,user006,Giang,Vũ Đình,user006@bvdakhoabackan.vn,,2028-06-12
Bệnh viện đa khoa Bắc Kạn,Máy tính để bàn Dell OptiPlex 7090 MT,BV-PC-004,Máy tính để bàn,Công ty Cổ phần Tin học FPT,Dell Technologies,Khoa Dược,DH-2023-010,Dell OptiPlex 7090 MT,Core i5-11500 / 16GB RAM / 512GB SSD,OPT-7090-MT,Máy tính cấp phát thuốc BHYT,2023-06-12,18500000,Location,,,,,Khoa Dược,2028-06-12
Bệnh viện đa khoa Bắc Kạn,Máy tính để bàn Dell OptiPlex 7090 MT,BV-PC-005,Máy tính để bàn,Công ty Cổ phần Tin học FPT,Dell Technologies,Khoa Ngoại tổng hợp,DH-2023-010,Dell OptiPlex 7090 MT,Core i5-11500 / 16GB RAM / 512GB SSD,OPT-7090-MT,Máy tính phòng giao ban khoa ngoại,2023-06-12,18500000,Location,,,,,Khoa Ngoại tổng hợp,2028-06-12
Bệnh viện đa khoa Bắc Kạn,Màn hình Dell UltraSharp U2422H,BV-MN-003,Màn hình máy tính,Công ty Cổ phần Tin học FPT,Dell Technologies,Khoa Xét nghiệm,DH-2023-011,Màn hình Dell UltraSharp U2422H,23.8 inch FHD IPS,DELL-U2422H,Màn hình hiển thị biểu đồ huyết học,2023-07-05,6100000,Location,,,,,Khoa Xét nghiệm,2026-07-05
Bệnh viện đa khoa Bắc Kạn,Laptop HP ProBook 450 G9,BV-LT-003,Máy tính xách tay (Laptop),Công ty TNHH Máy tính Phong Vũ,HP Inc,Khoa Ngoại tổng hợp,DH-2023-012,HP ProBook 450 G9,Core i7-1255U / 16GB RAM,HP-PB-450G9,Laptop phục vụ hội chẩn trực tuyến,2023-07-18,22500000,User,user007,Hải,Đỗ Quang,user007@bvdakhoabackan.vn,,2026-07-18
Bệnh viện đa khoa Bắc Kạn,Máy in Canon LBP2900,BV-PR-004,Máy in & Máy quét,Công ty TNHH Thiết bị Y tế & Tin học An Phát,Canon Inc,Phòng Công nghệ thông tin,DH-2023-013,Máy in Canon LBP2900,Máy in laser đen trắng A4,CANON-LBP2900,Máy in tài liệu kỹ thuật CNTT,2023-08-01,4250000,User,user001,An,Nguyễn Văn,user001@bvdakhoabackan.vn,,2028-08-01
