Tên,Tiền tệ,Địa chỉ,Địa chỉ 2,Thành phố,Tỉnh,Quốc gia,Mã bưu điện,Quản lý,Vị trí cha,Số điện thoại
Trụ sở chính Bệnh viện đa khoa Bắc Kạn,VND,Tổ 10 Phường Minh Khai,,Thành phố Bắc Kạn,Bắc Kạn,Việt Nam,23000,user001,,02093870115
Phòng Công nghệ thông tin,VND,Tầng 3 Nhà A - Bệnh viện đa khoa Bắc Kạn,,Thành phố Bắc Kạn,Bắc Kạn,Việt Nam,23000,user001,Trụ sở chính Bệnh viện đa khoa Bắc Kạn,02093870115
Trung tâm Dữ liệu Server,VND,Phòng 305 Nhà A - Phòng CNTT,,Thành phố Bắc Kạn,Bắc Kạn,Việt Nam,23000,user001,Phòng Công nghệ thông tin,02093870115
Khoa Khám bệnh,VND,Tầng 1 Nhà B,,Thành phố Bắc Kạn,Bắc Kạn,Việt Nam,23000,user002,Trụ sở chính Bệnh viện đa khoa Bắc Kạn,02093870116
Khoa Cấp cứu,VND,Tầng 1 Nhà A,,Thành phố Bắc Kạn,Bắc Kạn,Việt Nam,23000,user003,Trụ sở chính Bệnh viện đa khoa Bắc Kạn,02093870117
Khoa Hồi sức tích cực - Chống độc,VND,Tầng 2 Nhà A,,Thành phố Bắc Kạn,Bắc Kạn,Việt Nam,23000,user004,Trụ sở chính Bệnh viện đa khoa Bắc Kạn,02093870118
Khoa Ngoại tổng hợp,VND,Tầng 3 Nhà B,,Thành phố Bắc Kạn,Bắc Kạn,Việt Nam,23000,user005,Trụ sở chính Bệnh viện đa khoa Bắc Kạn,02093870119
Khoa Chẩn đoán hình ảnh,VND,Tầng 1 Nhà C,,Thành phố Bắc Kạn,Bắc Kạn,Việt Nam,23000,user006,Trụ sở chính Bệnh viện đa khoa Bắc Kạn,02093870120
Khoa Xét nghiệm,VND,Tầng 2 Nhà C,,Thành phố Bắc Kạn,Bắc Kạn,Việt Nam,23000,user007,Trụ sở chính Bệnh viện đa khoa Bắc Kạn,02093870121
Khoa Dược,VND,Tầng 1 Nhà D,,Thành phố Bắc Kạn,Bắc Kạn,Việt Nam,23000,user008,Trụ sở chính Bệnh viện đa khoa Bắc Kạn,02093870122
Phòng Tài chính kế toán,VND,Tầng 2 Nhà Hiệu bộ,,Thành phố Bắc Kạn,Bắc Kạn,Việt Nam,23000,user009,Trụ sở chính Bệnh viện đa khoa Bắc Kạn,02093870123
Phòng Điều dưỡng,VND,Tầng 3 Nhà Hiệu bộ,,Thành phố Bắc Kạn,Bắc Kạn,Việt Nam,23000,user010,Trụ sở chính Bệnh viện đa khoa Bắc Kạn,02093870124
