Tên,Website,Trang hỗ trợ,Số điện thoại hỗ trợ,Email hỗ trợ
Dell Technologies,https://www.dell.com/vi-vn,https://www.dell.com/support,1800545455,support_vietnam@dell.com
HP Inc,https://www.hp.com/vn-vi,https://support.hp.com/vn-vi,1800588875,cskh@hp.com
Lenovo Group,https://www.lenovo.com/vn/vi,https://support.lenovo.com/vn/vi,18006178,support_vn@lenovo.com
Canon Inc,https://vn.canon,https://vn.canon/vi/support,1900558809,support@canon.com.vn
Cisco Systems,https://www.cisco.com/c/vi_vn,https://www.cisco.com/c/en/us/support,1800555546,support@cisco.com
Schneider Electric (APC),https://www.apc.com/vn/vi,https://www.se.com/vn/vi/support,1800585858,customercare.vn@se.com
Brother Industries,https://www.brother.com.vn,https://www.brother.com.vn/vi-vn/support,19006062,support@brother.com.vn
Kingston Technology,https://www.kingston.com/vn,https://www.kingston.com/vn/support,02838275588,support@kingston.com
Western Digital,https://www.westerndigital.com,https://support.westerndigital.com,02838275589,support@wdc.com
Microsoft Corporation,https://www.microsoft.com/vi-vn,https://support.microsoft.com/vi-vn,1800400470,support@microsoft.com
Logitech,https://www.logitech.com/vi-vn,https://support.logi.com/hc/vi,18006935,support_vn@logitech.com
CommScope,https://www.commscope.com,https://www.commscope.com/support,1800888899,support@commscope.com
