Tên,Nhà sản xuất,Danh mục,Mã kiểu máy,Khấu hao,Thời hạn sử dụng (tháng),Ghi chú,Cho phép yêu cầu
Dell OptiPlex 7090 MT,Dell Technologies,Máy tính để bàn,OPT-7090-MT,,60,Máy tính đồng bộ Core i5-11500 / 16GB RAM / 512GB SSD,true
Dell OptiPlex 3080 SFF,Dell Technologies,Máy tính để bàn,OPT-3080-SFF,,60,Máy tính để bàn văn phòng nhỏ gọn Core i3-10100 / 8GB / 256GB SSD,true
HP ProBook 450 G9,HP Inc,Máy tính xách tay (Laptop),HP-PB-450G9,,36,Laptop Core i7-1255U / 16GB / 512GB SSD / 15.6 inch FHD,true
Lenovo ThinkPad T14 Gen 3,Lenovo Group,Máy tính xách tay (Laptop),TP-T14-G3,,36,Laptop kỹ thuật Core i5-1240P / 16GB / 512GB SSD / 14 inch WUXGA,true
Máy in Canon LBP2900,Canon Inc,Máy in & Máy quét,CANON-LBP2900,,60,Máy in laser đơn năng đen trắng A4 tốc độ 12 trang/phút,true
Máy in đa năng Brother MFC-L2701DW,Brother Industries,Máy in & Máy quét,MFC-L2701DW,,36,Máy in laser đa chức năng in 2 mặt / Scan / Copy / Wifi,true
Màn hình Dell UltraSharp U2422H,Dell Technologies,Màn hình máy tính,DELL-U2422H,,36,Màn hình 23.8 inch Full HD IPS chuẩn màu chuyên nghiệp,true
Máy chủ Dell PowerEdge R740,Dell Technologies,Máy chủ & Lưu trữ,PE-R740-2U,,60,Máy chủ rack 2U chạy 2 CPU Intel Xeon Silver 4210R / 64GB ECC,false
Switch Cisco Catalyst 2960L 24 Port,Cisco Systems,Thiết bị mạng & Viễn thông,WS-C2960L-24TS-LL,,60,Switch mạng 24 cổng Gigabit + 4 cổng uplink SFP 1G,false
Bộ lưu điện APC Smart-UPS 1500VA LCD,Schneider Electric (APC),Bộ lưu điện (UPS),SMT1500I,,36,Bộ lưu điện line-interactive 1500VA / 1000W sóng sin chuẩn,false
