Họ,Tên,Email,Tên đăng nhập,Tên hiển thị,Kích hoạt,Vị trí,Địa chỉ,Thành phố,Tỉnh,Quốc gia,Mã bưu điện,Website,Số điện thoại,Chức vụ,Ghi chú,Mã nhân viên,Công ty,Quản lý,Làm việc từ xa,VIP,Ngày bắt đầu,Ngày kết thúc,Gravatar
Nguyễn Văn,An,user001@bvdakhoabackan.vn,user001,Nguyễn Văn An,TRUE,Phòng Công nghệ thông tin,Tổ 10 Phường Minh Khai,Thành phố Bắc Kạn,Bắc Kạn,Việt Nam,23000,https://bvdakhoabackan.vn,0981234567,Trưởng phòng CNTT,Cán bộ quản trị hệ thống công nghệ thông tin bệnh viện,NV-0001,Bệnh viện đa khoa Bắc Kạn,,FALSE,TRUE,2020-01-15,,user001@bvdakhoabackan.vn
Trần Thị,Bình,user002@bvdakhoabackan.vn,user002,Trần Thị Bình,TRUE,Khoa Khám bệnh,Tổ 10 Phường Minh Khai,Thành phố Bắc Kạn,Bắc Kạn,Việt Nam,23000,https://bvdakhoabackan.vn,0982345678,Bác sĩ Trưởng khoa Khám bệnh,Trưởng khoa phụ trách công tác khám bệnh ban đầu,NV-0002,Bệnh viện đa khoa Bắc Kạn,user001,FALSE,TRUE,2020-02-01,,user002@bvdakhoabackan.vn
Lê Hoàng,Châu,user003@bvdakhoabackan.vn,user003,Lê Hoàng Châu,TRUE,Khoa Cấp cứu,Tổ 10 Phường Minh Khai,Thành phố Bắc Kạn,Bắc Kạn,Việt Nam,23000,https://bvdakhoabackan.vn,0983456789,Bác sĩ Trưởng khoa Cấp cứu,Phụ trách điều hành kíp trực cấp cứu 24/7,NV-0003,Bệnh viện đa khoa Bắc Kạn,user001,FALSE,TRUE,2020-03-01,,user003@bvdakhoabackan.vn
Phạm Minh,Dũng,user004@bvdakhoabackan.vn,user004,Phạm Minh Dũng,TRUE,Khoa Hồi sức tích cực - Chống độc,Tổ 10 Phường Minh Khai,Thành phố Bắc Kạn,Bắc Kạn,Việt Nam,23000,https://bvdakhoabackan.vn,0984567890,Bác sĩ Trưởng khoa Hồi sức tích cực,Bác sĩ chuyên khoa II Hồi sức tích cực,NV-0004,Bệnh viện đa khoa Bắc Kạn,user001,FALSE,TRUE,2020-04-15,,user004@bvdakhoabackan.vn
Hoàng Thu,Đức,user005@bvdakhoabackan.vn,user005,Hoàng Thu Đức,TRUE,Khoa Ngoại tổng hợp,Tổ 10 Phường Minh Khai,Thành phố Bắc Kạn,Bắc Kạn,Việt Nam,23000,https://bvdakhoabackan.vn,0985678901,Bác sĩ Trưởng khoa Ngoại tổng hợp,Phụ trách phẫu thuật ngoại khoa,NV-0005,Bệnh viện đa khoa Bắc Kạn,user001,FALSE,TRUE,2020-05-01,,user005@bvdakhoabackan.vn
Vũ Đình,Giang,user006@bvdakhoabackan.vn,user006,Vũ Đình Giang,TRUE,Khoa Chẩn đoán hình ảnh,Tổ 10 Phường Minh Khai,Thành phố Bắc Kạn,Bắc Kạn,Việt Nam,23000,https://bvdakhoabackan.vn,0986789012,Bác sĩ Trưởng khoa Chẩn đoán hình ảnh,Phụ trách đọc kết quả X-Quang CT MRI,NV-0006,Bệnh viện đa khoa Bắc Kạn,user001,FALSE,TRUE,2020-06-01,,user006@bvdakhoabackan.vn
Đỗ Quang,Hải,user007@bvdakhoabackan.vn,user007,Đỗ Quang Hải,TRUE,Khoa Xét nghiệm,Tổ 10 Phường Minh Khai,Thành phố Bắc Kạn,Bắc Kạn,Việt Nam,23000,https://bvdakhoabackan.vn,0987890123,Kỹ sư Trưởng khoa Xét nghiệm,Phụ trách vận hành hệ thống máy xét nghiệm tự động,NV-0007,Bệnh viện đa khoa Bắc Kạn,user001,FALSE,TRUE,2020-07-01,,user007@bvdakhoabackan.vn
Bùi Hải,Hiếu,user008@bvdakhoabackan.vn,user008,Bùi Hải Hiếu,TRUE,Khoa Dược,Tổ 10 Phường Minh Khai,Thành phố Bắc Kạn,Bắc Kạn,Việt Nam,23000,https://bvdakhoabackan.vn,0988901234,Dược sĩ Trưởng khoa Dược,Phụ trách quản lý kho dược và cấp phát thuốc BHYT,NV-0008,Bệnh viện đa khoa Bắc Kạn,user001,FALSE,TRUE,2020-08-01,,user008@bvdakhoabackan.vn
Đinh Quang,Khánh,user009@bvdakhoabackan.vn,user009,Đinh Quang Khánh,TRUE,Phòng Tài chính kế toán,Tổ 10 Phường Minh Khai,Thành phố Bắc Kạn,Bắc Kạn,Việt Nam,23000,https://bvdakhoabackan.vn,0989012345,Trưởng phòng Tài chính kế toán,Phụ trách tài chính viện phí và ngân sách trang thiết bị,NV-0009,Bệnh viện đa khoa Bắc Kạn,user001,FALSE,TRUE,2020-09-01,,user009@bvdakhoabackan.vn
Đặng Mai,Lan,user010@bvdakhoabackan.vn,user010,Đặng Mai Lan,TRUE,Phòng Điều dưỡng,Tổ 10 Phường Minh Khai,Thành phố Bắc Kạn,Bắc Kạn,Việt Nam,23000,https://bvdakhoabackan.vn,0980123456,Trưởng phòng Điều dưỡng,Phụ trách công tác chăm sóc người bệnh và trang thiết bị khoa lâm sàng,NV-0010,Bệnh viện đa khoa Bắc Kạn,user001,FALSE,TRUE,2020-10-01,,user010@bvdakhoabackan.vn
Hồ Văn,Minh,user011@bvdakhoabackan.vn,user011,Hồ Văn Minh,TRUE,Phòng Công nghệ thông tin,Tổ 10 Phường Minh Khai,Thành phố Bắc Kạn,Bắc Kạn,Việt Nam,23000,https://bvdakhoabackan.vn,0981112233,Kỹ sư Mạng máy tính & Phần cứng,Kỹ sư chuyên trách hạ tầng mạng server và tổng đài,NV-0011,Bệnh viện đa khoa Bắc Kạn,user001,FALSE,FALSE,2021-01-15,,user011@bvdakhoabackan.vn
Dương Thu,Nga,user012@bvdakhoabackan.vn,user012,Dương Thu Nga,TRUE,Phòng Công nghệ thông tin,Tổ 10 Phường Minh Khai,Thành phố Bắc Kạn,Bắc Kạn,Việt Nam,23000,https://bvdakhoabackan.vn,0982223344,Kỹ sư Phần mềm Quản trị HIS,Chuyên viên hỗ trợ phần mềm HIS BHYT và bệnh án điện tử,NV-0012,Bệnh viện đa khoa Bắc Kạn,user001,FALSE,FALSE,2021-02-01,,user012@bvdakhoabackan.vn
Võ Đức,Phúc,user013@bvdakhoabackan.vn,user013,Võ Đức Phúc,TRUE,Khoa Cấp cứu,Tổ 10 Phường Minh Khai,Thành phố Bắc Kạn,Bắc Kạn,Việt Nam,23000,https://bvdakhoabackan.vn,0983334455,Bác sĩ Cấp cứu,Bác sĩ luân phiên kíp trực,NV-0013,Bệnh viện đa khoa Bắc Kạn,user003,FALSE,FALSE,2021-03-01,,user013@bvdakhoabackan.vn
Mai Hồng,Quân,user014@bvdakhoabackan.vn,user014,Mai Hồng Quân,TRUE,Khoa Khám bệnh,Tổ 10 Phường Minh Khai,Thành phố Bắc Kạn,Bắc Kạn,Việt Nam,23000,https://bvdakhoabackan.vn,0984445566,Nhân viên Tiếp đón BHYT,Tiếp nhận bệnh nhân và đăng ký số khám tự động,NV-0014,Bệnh viện đa khoa Bắc Kạn,user002,FALSE,FALSE,2021-04-01,,user014@bvdakhoabackan.vn
Cao Văn,Sơn,user015@bvdakhoabackan.vn,user015,Cao Văn Sơn,TRUE,Khoa Chẩn đoán hình ảnh,Tổ 10 Phường Minh Khai,Thành phố Bắc Kạn,Bắc Kạn,Việt Nam,23000,https://bvdakhoabackan.vn,0985556677,Kỹ thuật viên X-Quang / CT,Kỹ thuật viên vận hành máy chụp CT Scanner,NV-0015,Bệnh viện đa khoa Bắc Kạn,user006,FALSE,FALSE,2021-05-01,,user015@bvdakhoabackan.vn
